{"cameraMode":{"drawMode":0,"name":"Shaded","section":"Shading Mode"},"sceneLighting":true,"audioPlay":false,"sceneViewState":{"showFog":true,"showMaterialUpdate":false,"showSkybox":true,"showFlares":true,"showImageEffects":true,"showParticleSystems":true},"in2DMode":false,"pivot":{"x":-1.2464344501495362,"y":1.2032384872436524,"z":0.5624314546585083},"rotation":{"x":0.03615306690335274,"y":0.9145544767379761,"z":-0.08391601592302323,"w":0.3940160572528839},"size":1.1169103384017945,"orthographic":false}