{"cameraMode":{"drawMode":0,"name":"Shaded","section":"Shading Mode"},"sceneLighting":true,"audioPlay":false,"sceneViewState":{"showFog":true,"showMaterialUpdate":false,"showSkybox":true,"showFlares":true,"showImageEffects":true,"showParticleSystems":true},"in2DMode":false,"pivot":{"x":-0.5480459332466126,"y":0.29697945713996889,"z":-0.2867441475391388},"rotation":{"x":-0.5713112950325012,"y":-0.14528614282608033,"z":0.1036108136177063,"w":-0.8011052012443543},"size":5.107395172119141,"orthographic":false}