{"cameraMode":{"drawMode":0,"name":"Shaded","section":"Shading Mode"},"sceneLighting":true,"audioPlay":false,"sceneViewState":{"showFog":true,"showMaterialUpdate":false,"showSkybox":true,"showFlares":true,"showImageEffects":true,"showParticleSystems":true},"in2DMode":false,"pivot":{"x":0.36246955394744875,"y":1.0455279350280762,"z":1.4342149496078492},"rotation":{"x":0.2207651436328888,"y":0.5359815955162048,"z":-0.1476435512304306,"w":0.8013748526573181},"size":2.8798091411590578,"orthographic":false}